workload,source,tokens,chunk,memory,kv,expert_cache,context,prompt_sha256,id,status,error,pairs,old_ms,new_ms,old_tps,new_tps,throughput_gain_pct,time_saved_pct,paired_gain_median_pct,old_min_ms,old_max_ms,new_min_ms,new_max_ms,old_p95_ms,new_p95_ms,actual_chunks,paired_gain_ci95_low,paired_gain_ci95_high
ramp,synthetic,4096,256,config,config,config,4160,1ec5825d4a3bac5099044ffc658476504ec49152798a56fd9ddfb4937d0dde7b,528dab0d3c352aec,ok,,3,20843.5,20272.9,196.51210209417803,202.04312160569035,2.814594853227703,2.7375440784896954,2.237208463162621,20610.1,20966.5,20233.1,20507.7,20954.2,20484.22,[16],1.663304213999961,3.0168387444336364
ramp,synthetic,529,256,config,config,config,4160,e5c3e1d6232de8b34db9f52d0226f500758a162417dc3211cf684f6bda144ae0,d1a730b8afdfc796,ok,,3,2845.3,2792.9,185.920641057182,189.40885817608935,1.8761860431809163,1.8416335711524345,1.9608544745411072,2844.2,2849.5,2760.9,2794.7,2849.08,2794.52,[3],1.8761860431809163,3.0171320946068114
ramp,synthetic,2048,768,config,config,config,4160,48ccb2c89e2a633964c6c8cb0a0833ec5ed388ef5f64d197abd7e91e4253ead9,3a9b1d1ed900c79e,ok,,3,5118.9,5013.6,400.08595596710234,408.48891016435294,2.10028721876494,2.0570825763347456,2.345249520153536,5090.6,5150.8,5001.6,5023.3,5147.61,5022.33,[3],1.5358225626296518,2.5381721179304373
ramp,synthetic,2048,512,config,config,config,4160,48ccb2c89e2a633964c6c8cb0a0833ec5ed388ef5f64d197abd7e91e4253ead9,ba623112772fde30,ok,,3,6071.9,5947.4,337.2914573691925,344.3521538823688,2.0933517167165405,2.050429025510958,1.9521135286007407,6063.5,6072.6,5945.0,5984.3,6072.530000000001,5980.610000000001,[4],1.46383035609845,2.146341463414636
ramp,synthetic,1024,128,config,config,config,4160,13a6ead18b0e5be1df3884d561fd71555481920494d5bb7a5bcf8e7d95a1098c,4edf32b1aa2d4333,ok,,3,7715.6,7571.5,132.7181295038623,135.2440071320082,1.9031895925510245,1.8676447716315048,2.1767827441455223,7689.9,7740.3,7505.9,7575.4,7737.83,7575.009999999999,[8],1.5637588324638463,2.793802208928975
ramp,synthetic,2048,128,config,config,config,4160,48ccb2c89e2a633964c6c8cb0a0833ec5ed388ef5f64d197abd7e91e4253ead9,b3f4cac1f95c5fed,ok,,3,16529.7,16155.6,123.89819536954693,126.76718908613731,2.3156057342345715,2.2631989691282994,2.3156057342345715,16493.1,16667.6,16143.3,16245.1,16653.809999999998,16236.15,[16],1.5266141790447385,3.2477870076130566
ramp,synthetic,1024,512,config,config,config,4160,13a6ead18b0e5be1df3884d561fd71555481920494d5bb7a5bcf8e7d95a1098c,a66517b29a0ebf1c,ok,,3,3007.5,2936.4,340.4821280133001,348.7263315624574,2.4213322435635343,2.3640897755610957,2.2442446533169846,3002.3,3018.9,2936.1,2954.5,3017.76,2952.69,[2],2.179725841936042,2.431797282108916
ramp,synthetic,256,128,config,config,config,4160,9486c404d60554721580618b4ac999b042310125d1260d2100f1fa07ae5ed81a,ae0e4cc4f3ecf832,ok,,3,1701.5,1674.9,150.45548045841903,152.84494596692338,1.5881545166875677,1.5633264766382604,1.4732089818225047,1680.2,1708.2,1674.0,1683.4,1707.53,1682.5500000000002,[2],0.31643680219715087,1.6427718040621375
ramp,synthetic,529,512,config,config,config,4160,e5c3e1d6232de8b34db9f52d0226f500758a162417dc3211cf684f6bda144ae0,61aead522583cc3e,ok,,3,2091.5,2030.6,252.9285202008128,260.5141337535704,2.999113562493849,2.911785799665312,2.880921895006394,2089.1,2094.8,2030.3,2036.8,2094.4700000000003,2036.1799999999998,[2],2.685585231736054,3.176870413239441
ramp,synthetic,529,768,config,config,config,4160,e5c3e1d6232de8b34db9f52d0226f500758a162417dc3211cf684f6bda144ae0,4e717c44f89fb8f8,ok,,3,1570.1,1543.6,336.92121520922234,342.7053640839596,1.7167660015548147,1.6877905865868459,2.022238116912667,1569.0,1577.1,1537.9,1543.8,1576.3999999999999,1543.78,[1],1.703588547739332,2.170251360456077
ramp,synthetic,256,512,config,config,config,4160,9486c404d60554721580618b4ac999b042310125d1260d2100f1fa07ae5ed81a,9ca7a843bda40d94,ok,,3,1183.7,1169.4,216.27101461518964,218.91568325637078,1.2228493244398786,1.208076370702027,1.2228493244398786,1147.9,1188.9,1168.9,1170.0,1188.38,1169.94,[1],-1.8888888888888844,1.7110103516126296
ramp,synthetic,256,768,config,config,config,4160,9486c404d60554721580618b4ac999b042310125d1260d2100f1fa07ae5ed81a,feac08be8ec1aca0,ok,,3,1185.9,1167.5,215.86980352474913,219.27194860813705,1.576017130620988,1.5515642128341445,1.855510694957485,1185.7,1197.2,1164.1,1172.8,1196.07,1172.27,[1],1.576017130620988,2.0804911323328845
ramp,synthetic,256,1024,config,config,config,4160,9486c404d60554721580618b4ac999b042310125d1260d2100f1fa07ae5ed81a,7b2e6f7b416379fa,ok,,3,1189.2,1171.8,215.27077026572485,218.4673152415088,1.4848950332821298,1.4631685166498598,1.2688410116665327,1181.2,1195.0,1160.5,1174.3,1194.42,1174.05,[1],0.8021846731524285,2.9728565273589025
ramp,synthetic,4096,1024,config,config,config,4160,1ec5825d4a3bac5099044ffc658476504ec49152798a56fd9ddfb4937d0dde7b,737850c1abd6d21c,ok,,3,6518.4,6523.4,628.3750613647521,627.8934298065426,-0.07664714719317622,-0.07670594010800169,-0.20234846858999678,6510.2,6532.0,6518.8,6542.5,6530.64,6540.59,[4],-0.3683607183798343,0.20249125605940055
ramp,synthetic,4096,512,config,config,config,4160,1ec5825d4a3bac5099044ffc658476504ec49152798a56fd9ddfb4937d0dde7b,b08927b8dfb4fc32,ok,,3,12391.8,12091.5,330.54116431833955,338.7503618244221,2.4835628333953474,2.42337674914056,2.8203021930152117,12330.0,12463.4,12051.9,12093.9,12456.24,12093.66,[8],1.9522238483863807,3.075714344787661
ramp,synthetic,1024,256,config,config,config,4160,13a6ead18b0e5be1df3884d561fd71555481920494d5bb7a5bcf8e7d95a1098c,4c29e412f1d7270f,ok,,3,4773.6,4701.5,214.51315568962627,217.8028288843986,1.5335531213442666,1.5103904809787183,1.727834263760042,4739.5,4792.5,4671.1,4711.1,4790.61,4710.14,[4],0.8082526853131933,2.194343944681121
ramp,synthetic,529,1024,config,config,config,4160,e5c3e1d6232de8b34db9f52d0226f500758a162417dc3211cf684f6bda144ae0,67d3de6864e37622,ok,,3,1572.8,1536.5,336.3428280773144,344.28896843475434,2.3625122030588974,2.3079857578840235,2.302588786262505,1563.2,1583.9,1527.9,1537.4,1582.79,1537.3100000000002,[1],1.7377155873739003,3.6651613325479504
ramp,synthetic,2048,1024,config,config,config,4160,48ccb2c89e2a633964c6c8cb0a0833ec5ed388ef5f64d197abd7e91e4253ead9,1d844658a6bd7c21,ok,,3,3270.4,3266.3,626.2230919765166,627.0091540887242,0.12552429354315553,0.12536692759295143,0.405256048139524,3262.2,3280.3,3257.2,3275.0,3279.3100000000004,3274.13,[2],-0.39083969465649737,0.42861953892783244
ramp,synthetic,4096,768,config,config,config,4160,1ec5825d4a3bac5099044ffc658476504ec49152798a56fd9ddfb4937d0dde7b,1ac056efefc17e14,ok,,3,10273.6,10065.7,398.69179255567667,406.92649294137516,2.065430124084755,2.023633390437618,2.2431878346370393,10219.1,10300.4,10048.2,10065.8,10297.72,10065.789999999999,[6],1.5229787994992972,2.3316808567710012
ramp,synthetic,529,128,config,config,config,4160,e5c3e1d6232de8b34db9f52d0226f500758a162417dc3211cf684f6bda144ae0,60ad79d6d4173e2c,ok,,3,4099.8,4009.3,129.03068442363042,131.9432319856334,2.257251889357237,2.2074247524269452,1.965940395692467,4071.5,4116.4,3993.0,4029.2,4114.74,4027.21,[5],1.75220887521097,2.671289252487963
ramp,synthetic,1024,1024,config,config,config,4160,13a6ead18b0e5be1df3884d561fd71555481920494d5bb7a5bcf8e7d95a1098c,f88185c0c7e143de,ok,,3,1688.7,1699.0,606.3836086930775,602.7074749852854,-0.6062389640965282,-0.6099366376502546,-0.15245690160666792,1682.4,1702.8,1684.0,1705.4,1701.3899999999999,1704.76,[1],-0.6062389640965282,-0.095011876484552
ramp,synthetic,2048,256,config,config,config,4160,48ccb2c89e2a633964c6c8cb0a0833ec5ed388ef5f64d197abd7e91e4253ead9,6af0926216d0099a,ok,,3,10032.6,9869.6,204.13452146004025,207.50587663127178,1.6515360298289705,1.6247034666985627,1.6515360298289705,10006.3,10079.2,9781.0,9906.1,10074.54,9902.45,[8],1.011497965899788,3.0487680196298994
ramp,synthetic,1024,768,config,config,config,4160,13a6ead18b0e5be1df3884d561fd71555481920494d5bb7a5bcf8e7d95a1098c,be43a26ef09b892f,ok,,3,3090.4,3027.0,331.3486927258607,338.2887347208457,2.0944829864552483,2.051514367072227,2.2634017207147528,3072.8,3200.9,3022.0,3045.8,3189.85,3043.92,[2],1.513049223653784,5.092258191608123
ramp,synthetic,256,256,config,config,config,4160,9486c404d60554721580618b4ac999b042310125d1260d2100f1fa07ae5ed81a,2722c9278d7e0b00,ok,,3,1181.4,1163.6,216.69206026747923,220.00687521485048,1.5297353042282635,1.5066869815473338,1.644566902014799,1180.5,1211.8,1161.4,1167.5,1208.76,1167.11,[1],1.1905781584582442,4.142316947404612
ramp,synthetic,4096,128,config,config,config,4160,1ec5825d4a3bac5099044ffc658476504ec49152798a56fd9ddfb4937d0dde7b,be0dff3f723a6fe0,ok,,3,34641.9,34116.3,118.23831833704271,120.05991271034665,1.5406125517714253,1.5172377958483807,1.919416290324949,34622.0,34832.2,33989.5,34129.3,34813.17,34128.0,[32],1.4822826625396024,2.0595207050833064
